{
  "round": 2,
  "tag": "r2-distractor",
  "success_rate": 0.5,
  "random_success_rate": 0.125,
  "mean_steps_to_goal": 65.6,
  "rollout_mse": 0.0016956906765699387,
  "rankme": 6.753020763397217,
  "latent_dim": 8,
  "probe_r2": 0.885951347860611,
  "latent_spatial_corr": 0.6896724575932902,
  "n_train_episodes": 200,
  "n_transitions": 37988,
  "minutes": 3.21
}